tomo_id,z,y,x,z_shape,y_shape,x_shape,voxel_spacing,coordinates,fold
tomo_003acc,-1.0,-1.0,-1.0,500,1912,1847,6.5,[],0
tomo_00e047,169.0,546.0,603.0,300,959,928,15.6,"[(0.5633333333333334, 0.5693430656934306, 0.6497844827586207)]",0
tomo_00e463,235.0,403.0,137.0,500,924,956,19.7,"[(0.47, 0.4361471861471861, 0.14330543933054393), (0.486, 0.3928571428571429, 0.1600418410041841), (0.444, 0.41017316017316013, 0.1506276150627615), (0.45, 0.28354978354978355, 0.6569037656903766), (0.45, 0.26082251082251084, 0.6725941422594143), (0.462, 0.31277056277056275, 0.6610878661087866), (0.4140625, 0.2827331531257488, 0.9787797153544391), (0.53125, 0.41037710472125305, 0.14411906354689044), (0.3984375, 0.3038738290241746, 0.651398522734715), (0.3828125, 0.2716357859015055, 0.6534393076648968)]",-1
tomo_01a877,147.0,638.0,286.0,300,960,928,13.1,"[(0.49, 0.6645833333333333, 0.3081896551724138)]",1
tomo_02862f,101.0,351.0,120.0,300,959,928,15.6,"[(0.33666666666666667, 0.3660062565172054, 0.12931034482758622)]",2
tomo_0308c5,-1.0,-1.0,-1.0,300,960,928,15.6,[],1
tomo_0333fa,-1.0,-1.0,-1.0,300,960,928,16.8,[],2
tomo_033ebe,88.0,711.0,308.0,300,960,928,13.1,"[(0.29333333333333333, 0.740625, 0.33189655172413796)]",3
tomo_03437b,138.0,864.0,620.0,300,959,928,15.6,"[(0.46, 0.9009384775808135, 0.6681034482758621)]",0
tomo_0363f2,50.0,574.0,392.0,300,960,928,13.1,"[(0.16666666666666666, 0.5979166666666667, 0.4224137931034483)]",1
tomo_040b80,-1.0,-1.0,-1.0,600,928,960,16.1,"[(0.75, 0.2863374249427887, 0.7917536843681922)]",3
tomo_049310,-1.0,-1.0,-1.0,500,924,956,19.7,[],0
tomo_04d42b,-1.0,-1.0,-1.0,500,1024,1440,13.3,[],1
tomo_05b39c,-1.0,-1.0,-1.0,800,928,960,13.1,[],2
tomo_05df8a,130.0,257.0,762.0,300,928,928,15.6,"[(0.43333333333333335, 0.2769396551724138, 0.8211206896551724)]",2
tomo_05f919,121.0,471.0,845.0,300,959,928,15.6,"[(0.4033333333333333, 0.49113660062565173, 0.9105603448275862), (0.4296875, 0.7136975134767582, 0.9625625036477067)]",3
tomo_066095,-1.0,-1.0,-1.0,300,960,928,15.6,[],3
tomo_06e11e,-1.0,-1.0,-1.0,300,960,928,15.6,[],0
tomo_072a16,-1.0,-1.0,-1.0,300,960,928,16.8,[],1
tomo_081a2d,152.0,314.0,651.0,300,959,928,15.6,"[(0.5066666666666667, 0.32742440041710114, 0.7015086206896551)]",0
tomo_08446f,235.0,740.0,54.0,500,924,956,19.7,"[(0.47, 0.8008658008658008, 0.056485355648535567), (0.492, 0.841991341991342, 0.04707112970711297), (0.4453125, 0.9551413553719392, 0.9337147988398705), (0.4375, 0.9090680704036348, 0.9253378379365422), (0.40625, 0.9312071813624304, 0.9379032792915344)]",-1
tomo_087d64,-1.0,-1.0,-1.0,800,927,959,13.1,[],2
tomo_08a6d6,-1.0,-1.0,-1.0,800,928,960,13.1,[],3
tomo_08bf73,-1.0,-1.0,-1.0,800,928,960,16.1,[],0
tomo_098751,-1.0,-1.0,-1.0,500,924,956,16.1,"[(0.4609375, 0.28613054065365906, 0.35525288756669116), (0.609375, 0.10310008104662925, 0.16403553634666684)]",1
tomo_0a180f,-1.0,-1.0,-1.0,800,928,960,13.1,[],2
tomo_0a8f05,52.0,587.0,575.0,300,928,928,13.1,"[(0.17333333333333334, 0.6325431034482759, 0.6196120689655172)]",1
tomo_0c2749,-1.0,-1.0,-1.0,300,960,928,15.6,[],3
tomo_0c3a99,125.0,645.0,227.0,300,959,928,15.6,"[(0.4166666666666667, 0.6725755995828988, 0.24461206896551724)]",2
tomo_0c3d78,-1.0,-1.0,-1.0,800,928,960,13.1,[],0
tomo_0d4c9e,-1.0,-1.0,-1.0,300,960,928,15.6,[],1
tomo_0da370,28.0,356.0,636.0,300,928,928,13.1,"[(0.09333333333333334, 0.38362068965517243, 0.6853448275862069)]",3
tomo_0de3ee,131.0,139.0,326.0,500,928,960,13.1,"[(0.262, 0.1497844827586207, 0.33958333333333335), (0.406, 0.6918103448275862, 0.834375), (0.25, 0.9151115442947295, 0.5539203814377508), (0.3984375, 0.9261349336833749, 0.5019737096241339)]",-1
tomo_0e9757,-1.0,-1.0,-1.0,300,960,928,16.8,[],2
tomo_0eb41e,-1.0,-1.0,-1.0,300,960,928,16.8,[],3
tomo_0eb994,161.0,835.0,630.0,300,959,928,15.6,"[(0.5366666666666666, 0.8706986444212722, 0.6788793103448276)]",0
tomo_0f9df0,94.0,174.0,599.0,300,960,928,15.6,"[(0.31333333333333335, 0.18125, 0.6454741379310345)]",1
tomo_0fab19,159.0,516.0,681.0,300,959,928,15.6,"[(0.53, 0.5380604796663191, 0.7338362068965517)]",2
tomo_0fe63f,197.0,362.0,265.0,300,960,928,13.1,"[(0.6566666666666666, 0.3770833333333333, 0.2855603448275862)]",3
tomo_101279,161.0,295.0,585.0,300,928,928,13.1,"[(0.5366666666666666, 0.31788793103448276, 0.6303879310344828)]",0
tomo_10a3bd,-1.0,-1.0,-1.0,500,1024,1440,13.3,[],0
tomo_10c564,16.0,455.0,267.0,300,960,928,13.1,"[(0.05333333333333334, 0.47395833333333326, 0.28771551724137934), (0.0234375, 0.14018175732680896, 0.7866073465191272)]",1
tomo_122a02,127.0,808.0,140.0,300,959,928,15.6,"[(0.42333333333333334, 0.8425443169968717, 0.15086206896551724)]",2
tomo_122c46,-1.0,-1.0,-1.0,300,960,928,16.8,[],1
tomo_12f896,95.0,404.0,212.0,300,960,928,13.1,"[(0.31666666666666665, 0.42083333333333334, 0.22844827586206898)]",3
tomo_13484c,153.0,768.0,658.0,300,928,928,15.6,"[(0.51, 0.8275862068965517, 0.709051724137931)]",0
tomo_134bb0,55.0,252.0,173.0,300,959,928,15.6,"[(0.18333333333333332, 0.26277372262773724, 0.18642241379310345)]",1
tomo_136c8d,-1.0,-1.0,-1.0,500,924,956,19.7,[],2
tomo_138018,144.0,233.0,455.0,300,959,928,15.6,"[(0.48, 0.2429614181438999, 0.49030172413793105)]",2
tomo_13973d,234.0,221.0,808.0,500,924,956,19.7,"[(0.468, 0.23917748917748918, 0.8451882845188284)]",3
tomo_139d9e,153.0,611.0,172.0,300,959,928,15.6,"[(0.51, 0.6371220020855057, 0.1853448275862069)]",0
tomo_1446aa,149.0,293.0,601.0,300,960,928,13.1,"[(0.49666666666666665, 0.30520833333333336, 0.6476293103448276)]",1
tomo_146de2,-1.0,-1.0,-1.0,500,924,956,16.1,[],3
tomo_16136a,141.0,566.0,443.0,300,960,928,16.8,"[(0.47, 0.5895833333333333, 0.47737068965517243)]",2
tomo_161683,186.0,145.0,370.0,300,928,928,15.6,"[(0.62, 0.15625, 0.39870689655172414)]",3
tomo_16efa8,183.0,379.0,752.0,300,960,928,13.1,"[(0.61, 0.39479166666666665, 0.8103448275862069)]",0
tomo_16fce8,-1.0,-1.0,-1.0,300,960,928,15.6,[],0
tomo_17143f,-1.0,-1.0,-1.0,300,960,928,15.6,[],1
tomo_172f08,-1.0,-1.0,-1.0,800,928,960,13.1,[],2
tomo_180bfd,-1.0,-1.0,-1.0,300,960,928,16.8,[],3
tomo_183270,-1.0,-1.0,-1.0,800,928,960,13.1,[],0
tomo_191bcb,149.0,417.0,500.0,300,960,928,13.1,"[(0.49666666666666665, 0.434375, 0.5387931034482759)]",1
tomo_19a313,67.0,598.0,300.0,300,960,928,13.1,"[(0.22333333333333333, 0.6229166666666667, 0.3232758620689655)]",2
tomo_19a4fd,175.0,583.0,468.0,300,960,928,16.8,"[(0.5833333333333334, 0.6072916666666667, 0.5043103448275862)]",3
tomo_1ab322,68.0,580.0,583.0,300,960,928,15.6,"[(0.22666666666666666, 0.6041666666666666, 0.6282327586206896)]",0
tomo_1af88d,24.0,306.0,619.0,300,960,928,13.1,"[(0.08, 0.31875, 0.6670258620689655)]",1
tomo_1b82d1,223.0,716.0,677.0,500,924,956,19.7,"[(0.446, 0.7748917748917749, 0.7081589958158996), (0.42, 0.7987012987012986, 0.6976987447698745), (0.444, 0.9502164502164502, 0.4916317991631799), (0.416, 0.7543290043290043, 0.7112970711297071), (0.3515625, 0.7816931563085978, 0.6634095858036406), (0.390625, 0.7742399249018543, 0.7044882748257892), (0.4609375, 0.3831934258639993, 0.12461120691912782)]",-1
tomo_1c2534,-1.0,-1.0,-1.0,800,927,959,13.1,[],1
tomo_1c38fd,103.0,668.0,281.0,300,960,928,15.6,"[(0.3433333333333333, 0.6958333333333333, 0.30280172413793105)]",2
tomo_1c75ac,-1.0,-1.0,-1.0,300,960,928,15.6,[],2
tomo_1cc887,143.0,667.0,192.0,300,928,928,15.6,"[(0.4766666666666667, 0.71875, 0.20689655172413793), (0.46875, 0.7820793315752269, 0.9468683158874024)]",3
tomo_1da097,34.0,579.0,419.0,500,928,960,13.1,"[(0.068, 0.6239224137931033, 0.43645833333333334), (0.074, 0.7025862068965517, 0.503125), (0.1796875, 0.43627717561461193, 0.2780355487734455)]",-1
tomo_1da0da,-1.0,-1.0,-1.0,800,928,960,13.1,"[(0.453125, 0.4726796300149425, 0.2552030410225634)]",3
tomo_1dc5f9,-1.0,-1.0,-1.0,500,924,956,19.7,"[(0.34375, 0.9558364103500244, 0.19466831680424687), (0.375, 0.9222060080065153, 0.20699946433020022)]",0
tomo_1e9980,-1.0,-1.0,-1.0,300,960,928,16.8,[],1
tomo_1efc28,123.0,636.0,175.0,300,959,928,15.6,"[(0.41, 0.6631908237747653, 0.18857758620689655)]",0
tomo_1f0e78,112.0,797.0,264.0,300,959,928,15.6,"[(0.37333333333333335, 0.8310740354535975, 0.28448275862068967)]",1
tomo_1fb6a7,-1.0,-1.0,-1.0,300,960,928,16.8,[],2
tomo_20a9ed,185.0,319.0,560.0,300,960,928,13.1,"[(0.6166666666666667, 0.33229166666666665, 0.603448275862069)]",2
tomo_210371,263.0,584.0,595.0,300,960,928,15.6,"[(0.8766666666666667, 0.6083333333333333, 0.6411637931034483)]",3
tomo_221a47,166.0,324.0,563.0,300,960,928,13.1,"[(0.5533333333333333, 0.3375, 0.6066810344827587)]",0
tomo_221c8e,-1.0,-1.0,-1.0,500,928,928,16.8,[],3
tomo_225d8f,61.0,483.0,497.0,300,960,928,13.1,"[(0.20333333333333334, 0.503125, 0.5355603448275862)]",1
tomo_226cd8,365.0,528.0,607.0,500,928,960,13.1,"[(0.73, 0.5689655172413793, 0.6322916666666666), (0.624, 0.14655172413793102, 0.103125), (0.598, 0.24461206896551727, 0.07291666666666667), (0.664, 0.5948275862068966, 0.06041666666666667), (0.71, 0.7068965517241379, 0.171875), (0.732, 0.7467672413793104, 0.28020833333333334), (0.772, 0.7467672413793104, 0.33229166666666665), (0.776, 0.7230603448275862, 0.4510416666666666), (0.822, 0.3426724137931034, 0.7708333333333334), (0.708, 0.2984913793103448, 0.7875), (0.8125, 0.5337268799830084, 0.06316196579719899), (0.671875, 0.7311817869448916, 0.22994434092937735), (0.5625, 0.6168480871643187, 0.5213108661766438), (0.5625, 0.5069402080204132, 0.4954935791294175), (0.515625, 0.4569802747403903, 0.3320877282496121), (0.484375, 0.4489328629181286, 0.13040294731881458), (0.53125, 0.5720935392043313, 0.3717379675523415), (0.53125, 0.49207155162873234, 0.29626268381626514), (0.46875, 0.240747317645505, 0.3544129514795688)]",-1
tomo_22976c,-1.0,-1.0,-1.0,500,928,960,13.1,[],0
tomo_229f0a,-1.0,-1.0,-1.0,500,960,928,16.8,[],1
tomo_23a8e8,132.0,686.0,356.0,300,960,928,15.6,"[(0.44, 0.7145833333333333, 0.38362068965517243)]",2
tomo_23c8a4,-1.0,-1.0,-1.0,300,960,928,16.8,[],2
tomo_23ce49,152.0,248.0,532.0,300,959,928,15.6,"[(0.5066666666666667, 0.2586027111574557, 0.5732758620689655)]",3
tomo_247826,-1.0,-1.0,-1.0,500,960,928,16.8,[],3
tomo_24795a,144.0,702.0,703.0,300,960,928,15.6,"[(0.48, 0.73125, 0.7575431034482759)]",0
tomo_2483bb,145.0,620.0,483.0,300,960,928,15.6,"[(0.48333333333333334, 0.6458333333333334, 0.5204741379310345)]",1
tomo_24a095,-1.0,-1.0,-1.0,800,928,960,13.1,[],0
tomo_24fda8,-1.0,-1.0,-1.0,300,960,928,15.6,[],1
tomo_256717,172.0,770.0,514.0,300,928,928,15.6,"[(0.5733333333333334, 0.8297413793103449, 0.5538793103448276)]",2
tomo_25780f,147.0,792.0,658.0,300,960,928,13.1,"[(0.49, 0.825, 0.709051724137931)]",3
tomo_2645a0,-1.0,-1.0,-1.0,300,960,928,16.8,[],2
tomo_278194,-1.0,-1.0,-1.0,300,960,928,19.2,[],3
tomo_285454,-1.0,-1.0,-1.0,300,956,924,16.1,[],0
tomo_285d15,137.0,391.0,611.0,300,960,928,13.1,"[(0.45666666666666667, 0.40729166666666666, 0.6584051724137931)]",0
tomo_288d4f,-1.0,-1.0,-1.0,300,960,928,16.8,[],1
tomo_28f9c1,-1.0,-1.0,-1.0,500,924,956,16.1,"[(0.3671875, 0.07210160028634079, 0.13639204109163094), (0.421875, 0.06045268317680416, 0.1077551198640201)]",2
tomo_2a6091,185.0,492.0,635.0,300,960,928,13.1,"[(0.6166666666666667, 0.5125, 0.6842672413793104)]",1
tomo_2a6ca2,32.0,528.0,347.0,300,960,928,13.1,"[(0.10666666666666667, 0.55, 0.3739224137931034)]",2
tomo_2a89bb,-1.0,-1.0,-1.0,800,928,960,16.1,"[(0.3359375, 0.6408316417324884, 0.9401422354187003)]",3
tomo_2acf68,135.0,337.0,679.0,300,960,928,13.1,"[(0.45, 0.35104166666666664, 0.7316810344827587)]",3
tomo_2aeb29,-1.0,-1.0,-1.0,800,927,959,13.1,[],0
tomo_2b3cdf,134.0,173.0,662.0,300,960,928,13.1,"[(0.44666666666666666, 0.18020833333333336, 0.7133620689655172), (0.359375, 0.7343299015607758, 0.33559158323889093)]",0
tomo_2b996c,-1.0,-1.0,-1.0,300,960,928,16.8,[],1
tomo_2bb588,97.0,709.0,611.0,300,960,928,13.1,"[(0.3233333333333333, 0.7385416666666667, 0.6584051724137931)]",1
tomo_2c607f,108.0,349.0,527.0,300,960,928,13.1,"[(0.36, 0.36354166666666665, 0.5678879310344828)]",2
tomo_2c8ea2,85.0,176.0,395.0,300,959,928,15.6,"[(0.2833333333333333, 0.1835245046923879, 0.42564655172413796)]",3
tomo_2c9da1,207.0,258.0,617.0,300,960,928,13.1,"[(0.69, 0.26875, 0.6648706896551724)]",0
tomo_2c9f35,-1.0,-1.0,-1.0,300,960,928,16.8,[],2
tomo_2cace2,-1.0,-1.0,-1.0,300,960,928,16.8,[],3
tomo_2daaee,185.0,596.0,860.0,500,924,956,19.7,"[(0.37, 0.645021645021645, 0.899581589958159), (0.42, 0.6558441558441559, 0.8880753138075314), (0.526, 0.1764069264069264, 0.7866108786610879), (0.386, 0.6125541125541125, 0.8964435146443516), (0.3046875, 0.6594531737326779, 0.8799230373262097), (0.4921875, 0.16550996221907985, 0.790424632954244)]",-1
tomo_2dcd5c,125.0,414.0,519.0,300,960,928,13.1,"[(0.4166666666666667, 0.43125, 0.5592672413793104)]",1
tomo_2dd6bd,-1.0,-1.0,-1.0,300,928,928,16.8,[],0
tomo_2e1f4c,73.0,86.0,334.0,300,959,928,15.6,"[(0.24333333333333335, 0.08967674661105318, 0.3599137931034483)]",2
tomo_2f3261,143.0,458.0,695.0,300,960,928,13.1,"[(0.4766666666666667, 0.47708333333333336, 0.7489224137931034)]",3
tomo_2fb12d,-1.0,-1.0,-1.0,300,960,928,16.8,[],1
tomo_2fc82d,-1.0,-1.0,-1.0,300,960,928,16.8,[],2
tomo_305c97,65.0,684.0,410.0,300,960,928,15.6,"[(0.21666666666666667, 0.7125, 0.4418103448275862)]",0
tomo_307f33,-1.0,-1.0,-1.0,800,928,960,16.1,[],3
tomo_30b580,142.0,392.0,575.0,300,928,928,13.1,"[(0.47333333333333333, 0.4224137931034483, 0.6196120689655172)]",1
tomo_30d4e5,175.0,706.0,228.0,300,959,928,15.6,"[(0.5833333333333334, 0.7361835245046924, 0.24568965517241378)]",2
tomo_317656,97.0,409.0,758.0,300,960,928,13.1,"[(0.3233333333333333, 0.42604166666666665, 0.8168103448275862)]",3
tomo_3183d2,168.0,136.0,475.0,300,959,928,15.6,"[(0.56, 0.14181438998957246, 0.5118534482758621)]",0
tomo_319f79,195.0,243.0,380.0,500,928,960,13.1,"[(0.39, 0.26185344827586204, 0.3958333333333333)]",1
tomo_3264bc,-1.0,-1.0,-1.0,300,928,928,16.8,[],0
tomo_32aaa7,156.0,526.0,641.0,300,960,928,13.1,"[(0.52, 0.5479166666666667, 0.6907327586206896)]",2
tomo_331130,106.0,553.0,323.0,300,960,928,13.1,"[(0.35333333333333333, 0.5760416666666667, 0.3480603448275862)]",3
tomo_35ec84,-1.0,-1.0,-1.0,800,928,960,16.1,[],1
tomo_369cce,95.0,361.0,268.0,300,960,928,13.1,"[(0.31666666666666665, 0.37604166666666666, 0.28879310344827586)]",0
tomo_37076e,131.0,379.0,298.0,300,960,928,13.1,"[(0.43666666666666665, 0.39479166666666665, 0.32112068965517243)]",1
tomo_372690,-1.0,-1.0,-1.0,800,928,960,13.1,[],2
tomo_372a5c,179.0,730.0,406.0,300,959,928,15.6,"[(0.5966666666666667, 0.7612095933263816, 0.4375)]",2
tomo_374ca7,-1.0,-1.0,-1.0,800,928,960,13.1,[],3
tomo_375513,204.0,577.0,228.0,300,960,928,13.1,"[(0.68, 0.6010416666666667, 0.24568965517241378)]",3
tomo_378f43,166.0,763.0,526.0,300,960,928,13.1,"[(0.5533333333333333, 0.7947916666666667, 0.5668103448275862)]",0
tomo_37c426,-1.0,-1.0,-1.0,600,960,928,15.6,[],0
tomo_37dd38,200.0,321.0,602.0,500,924,956,19.7,"[(0.4, 0.3474025974025974, 0.6297071129707112), (0.324, 0.10822510822510822, 0.6924686192468619), (0.368, 0.32792207792207795, 0.6202928870292888), (0.3828125, 0.12248208903991409, 0.6888323158484733)]",-1
tomo_381add,219.0,625.0,862.0,500,924,956,19.7,"[(0.438, 0.6764069264069265, 0.9016736401673641), (0.418, 0.645021645021645, 0.9110878661087866), (0.3984375, 0.6659341755130055, 0.9063824817843471)]",-1
tomo_385eb6,-1.0,-1.0,-1.0,300,960,928,16.8,[],1
tomo_38c2a6,251.0,687.0,200.0,300,960,928,13.1,"[(0.8366666666666667, 0.715625, 0.21551724137931033)]",1
tomo_38d285,-1.0,-1.0,-1.0,800,928,960,13.1,[],2
tomo_399bd9,126.0,509.0,366.0,300,928,928,13.1,"[(0.42, 0.5484913793103449, 0.39439655172413796)]",2
tomo_39b15b,-1.0,-1.0,-1.0,500,924,956,16.1,[],3
tomo_3a0914,-1.0,-1.0,-1.0,800,928,960,16.1,[],0
tomo_3a3519,-1.0,-1.0,-1.0,300,960,928,15.6,[],1
tomo_3a6a9d,-1.0,-1.0,-1.0,500,1024,1440,13.3,[],2
tomo_3a8480,223.0,460.0,896.0,500,924,956,19.7,"[(0.446, 0.49783549783549785, 0.9372384937238494), (0.424, 0.5216450216450217, 0.9121338912133892), (0.5078125, 0.7015455576179633, 0.1880100600540639), (0.3671875, 0.4966311707848814, 0.9344218021276056)]",-1
tomo_3b1cc9,-1.0,-1.0,-1.0,300,960,928,13.1,"[(0.671875, 0.48329140032155704, 0.2782973418663104)]",3
tomo_3b7a22,-1.0,-1.0,-1.0,800,928,960,13.1,[],0
tomo_3b8291,-1.0,-1.0,-1.0,500,924,956,19.7,[],1
tomo_3b83c7,162.0,181.0,613.0,300,960,928,13.1,"[(0.54, 0.18854166666666666, 0.6605603448275862)]",3
tomo_3c6038,99.0,324.0,156.0,300,959,928,15.6,"[(0.33, 0.337851929092805, 0.16810344827586207)]",0
tomo_3e6ead,-1.0,-1.0,-1.0,300,960,928,16.8,[],2
tomo_3e7407,265.0,349.0,736.0,500,924,956,19.7,"[(0.53, 0.3777056277056277, 0.7698744769874477), (0.462, 0.36904761904761907, 0.7311715481171548), (0.514, 0.37662337662337664, 0.7238493723849372), (0.482, 0.37878787878787884, 0.7583682008368201)]",-1
tomo_3e7783,186.0,531.0,617.0,300,960,928,13.1,"[(0.62, 0.553125, 0.6648706896551724)]",1
tomo_3eb9c8,150.0,411.0,416.0,300,960,928,13.1,"[(0.5, 0.428125, 0.4482758620689655)]",2
tomo_401341,166.0,612.0,722.0,300,960,928,13.1,"[(0.5533333333333333, 0.6375, 0.7780172413793104)]",3
tomo_4077d8,73.0,100.0,225.0,300,928,928,15.6,"[(0.24333333333333335, 0.10775862068965517, 0.24245689655172414)]",0
tomo_40b215,-1.0,-1.0,-1.0,500,924,956,16.1,[],3
tomo_4102f1,149.0,820.0,485.0,300,928,928,15.6,"[(0.49666666666666665, 0.8836206896551724, 0.5226293103448276)]",1
tomo_412d88,89.0,103.0,272.0,300,928,928,15.6,"[(0.2966666666666667, 0.11099137931034483, 0.29310344827586204)]",2
tomo_417e5f,216.0,447.0,556.0,300,960,928,15.6,"[(0.72, 0.465625, 0.5991379310344828)]",3
tomo_41ea80,-1.0,-1.0,-1.0,500,1024,1440,13.3,[],0
tomo_423d52,154.0,444.0,456.0,300,960,928,13.1,"[(0.5133333333333333, 0.4625, 0.49137931034482757)]",0
tomo_444829,112.0,786.0,641.0,300,928,928,13.1,"[(0.37333333333333335, 0.8469827586206896, 0.6907327586206896)]",1
tomo_4469a7,-1.0,-1.0,-1.0,300,960,928,16.8,[],1
tomo_4555b6,190.0,403.0,853.0,500,924,956,19.7,"[(0.38, 0.43614718614718617, 0.8922594142259415)]",2
tomo_455dcd,36.0,660.0,535.0,300,960,928,13.1,"[(0.12, 0.6875, 0.5765086206896551)]",3
tomo_46250a,170.0,168.0,336.0,300,928,928,15.6,"[(0.5666666666666667, 0.1810344827586207, 0.3620689655172414)]",0
tomo_464108,-1.0,-1.0,-1.0,800,928,928,13.1,"[(0.34375, 0.613927319857681, 0.36954640899049473)]",2
tomo_466489,-1.0,-1.0,-1.0,300,960,928,16.8,[],3
tomo_47ac94,-1.0,-1.0,-1.0,300,960,928,15.6,"[(0.2734375, 0.5892650248057744, 0.5141571390675842), (0.5546875, 0.555634622462265, 0.15991690104928746)]",0
tomo_47c399,168.0,177.0,438.0,300,960,928,13.1,"[(0.56, 0.184375, 0.47198275862068967)]",1
tomo_47d380,-1.0,-1.0,-1.0,800,928,960,13.1,[],1
tomo_48dc93,208.0,712.0,483.0,500,924,956,19.7,"[(0.416, 0.7705627705627706, 0.5052301255230126), (0.388, 0.764069264069264, 0.5313807531380753), (0.3515625, 0.7745458218768051, 0.503242554498307)]",-1
tomo_4925ee,-1.0,-1.0,-1.0,300,960,928,19.2,[],2
tomo_493bea,170.0,380.0,136.0,300,960,928,13.1,"[(0.5666666666666667, 0.3958333333333333, 0.14655172413793102)]",2
tomo_49725c,150.0,624.0,739.0,300,959,928,15.6,"[(0.5, 0.6506777893639207, 0.7963362068965517), (0.36333333333333334, 0.1939520333680918, 0.17887931034482757)]",-1
tomo_499ee0,-1.0,-1.0,-1.0,300,960,928,16.8,[],3
tomo_49f4ee,166.0,670.0,413.0,300,928,928,13.1,"[(0.5533333333333333, 0.7219827586206896, 0.44504310344827586)]",3
tomo_4b124b,111.0,505.0,452.0,300,960,928,13.1,"[(0.37, 0.5260416666666666, 0.4870689655172414)]",0
tomo_4b59a2,156.0,491.0,738.0,300,960,928,13.1,"[(0.52, 0.5114583333333333, 0.7952586206896551)]",1
tomo_4baff0,-1.0,-1.0,-1.0,500,924,956,16.1,"[(0.328125, 0.30676964512029714, 0.8661553502629803)]",0
tomo_4c1ca8,-1.0,-1.0,-1.0,800,928,960,13.1,[],1
tomo_4c2e4e,-1.0,-1.0,-1.0,300,960,928,16.8,[],2
tomo_4d528f,-1.0,-1.0,-1.0,800,928,960,16.1,"[(0.4609375, 0.3314319401722039, 0.850461162502676)]",3
tomo_4e1b18,-1.0,-1.0,-1.0,500,924,956,19.7,"[(0.4453125, 0.13655216675563098, 0.17209391847889444), (0.4375, 0.15210937986181167, 0.1272173422110654), (0.4921875, 0.16108469511537749, 0.11525025520631102), (0.4921875, 0.13595381240539323, 0.15055316187033652), (0.5390625, 0.0739319880373736, 0.3594580514399154)]",0
tomo_4e38b8,209.0,753.0,370.0,300,959,928,15.6,"[(0.6966666666666667, 0.7851929092805006, 0.39870689655172414)]",2
tomo_4e3e37,-1.0,-1.0,-1.0,800,928,960,13.1,[],1
tomo_4e41c2,-1.0,-1.0,-1.0,800,927,959,13.1,[],2
tomo_4e478f,117.0,467.0,156.0,300,959,928,15.6,"[(0.39, 0.4869655891553702, 0.16810344827586207)]",3
tomo_4ed9de,173.0,724.0,717.0,300,960,928,15.6,"[(0.5766666666666667, 0.7541666666666667, 0.7726293103448275)]",0
tomo_4ee35e,157.0,670.0,300.0,300,959,928,15.6,"[(0.5233333333333333, 0.6986444212721585, 0.3232758620689655)]",1
tomo_4f379f,124.0,535.0,151.0,300,959,928,15.6,"[(0.41333333333333333, 0.5578727841501564, 0.1627155172413793)]",2
tomo_4f5a7b,-1.0,-1.0,-1.0,300,960,928,13.1,[],3
tomo_507b7a,451.0,561.0,366.0,500,928,960,13.1,"[(0.902, 0.6045258620689655, 0.38125), (0.854, 0.41379310344827586, 0.36770833333333336), (0.5, 0.05294798259046893, 0.3862455419052496)]",-1
tomo_50cbd9,-1.0,-1.0,-1.0,800,928,960,13.1,"[(0.4140625, 0.6845511647790503, 0.7136975263057387)]",0
tomo_50f0bf,-1.0,-1.0,-1.0,500,924,956,16.1,"[(0.40625, 0.286830513730706, 0.7428092489823314)]",1
tomo_510f4e,191.0,236.0,381.0,300,928,928,16.8,"[(0.6366666666666667, 0.2543103448275862, 0.4105603448275862)]",3
tomo_512f98,-1.0,-1.0,-1.0,800,928,960,13.1,[],2
tomo_513010,128.0,150.0,499.0,300,960,928,13.1,"[(0.4266666666666667, 0.15625, 0.5377155172413793)]",0
tomo_516cdd,187.0,739.0,181.0,300,959,928,15.6,"[(0.6233333333333333, 0.7705943691345151, 0.19504310344827586)]",1
tomo_517f70,66.0,325.0,392.0,300,928,928,13.1,"[(0.22, 0.35021551724137934, 0.4224137931034483)]",2
tomo_518a1f,108.0,564.0,683.0,300,960,928,15.6,"[(0.36, 0.5875, 0.7359913793103449)]",3
tomo_51a47f,112.0,302.0,207.0,300,960,928,15.6,"[(0.37333333333333335, 0.3145833333333333, 0.22306034482758622)]",0
tomo_51a77e,-1.0,-1.0,-1.0,500,928,960,13.1,[],3
tomo_5308e8,-1.0,-1.0,-1.0,800,928,960,16.1,"[(0.4140625, 0.767506157226373, 0.4368072136775131)]",0
tomo_532d49,47.0,517.0,252.0,300,960,928,15.6,"[(0.15666666666666668, 0.5385416666666667, 0.27155172413793105)]",1
tomo_539259,152.0,503.0,613.0,300,960,928,16.8,"[(0.5066666666666667, 0.5239583333333333, 0.6605603448275862)]",2
tomo_53c71b,-1.0,-1.0,-1.0,800,928,960,13.1,"[(0.5078125, 0.30689860859240353, 0.5310959924136381)]",1
tomo_53e048,190.0,666.0,542.0,300,960,928,13.1,"[(0.6333333333333333, 0.69375, 0.584051724137931)]",3
tomo_54e1a7,-1.0,-1.0,-1.0,300,928,928,16.8,[],2
tomo_556257,123.0,210.0,434.0,300,959,928,15.6,"[(0.41, 0.21897810218978103, 0.4676724137931034)]",0
tomo_568537,215.0,531.0,386.0,300,960,928,13.1,"[(0.7166666666666667, 0.553125, 0.41594827586206895)]",1
tomo_569981,-1.0,-1.0,-1.0,800,928,928,13.1,"[(0.515625, 0.46321936657013607, 0.3873294802488487)]",3
tomo_56b9a3,60.0,299.0,498.0,300,928,928,13.1,"[(0.2, 0.32219827586206895, 0.5366379310344828)]",2
tomo_57592d,174.0,904.0,560.0,300,928,928,15.6,"[(0.58, 0.9741379310344828, 0.603448275862069)]",3
tomo_5764d6,92.0,679.0,580.0,500,928,960,13.1,"[(0.184, 0.7316810344827588, 0.6041666666666666), (0.1015625, 0.5303248573229221, 0.8667264772263019)]",0
tomo_57c814,168.0,359.0,402.0,300,928,928,13.1,"[(0.56, 0.38685344827586204, 0.4331896551724138)]",1
tomo_5984bf,-1.0,-1.0,-1.0,800,928,960,13.1,[],0
tomo_59b470,139.0,152.0,631.0,300,960,928,15.6,"[(0.4633333333333333, 0.15833333333333333, 0.6799568965517241)]",2
tomo_5b087f,159.0,252.0,373.0,300,959,928,15.6,"[(0.53, 0.26277372262773724, 0.4019396551724138)]",3
tomo_5b34b2,112.0,613.0,233.0,300,960,928,13.1,"[(0.37333333333333335, 0.6385416666666667, 0.2510775862068966)]",0
tomo_5b359d,-1.0,-1.0,-1.0,800,928,960,13.1,[],1
tomo_5b8db4,-1.0,-1.0,-1.0,800,928,960,13.1,[],2
tomo_5ba0cf,217.0,627.0,315.0,500,924,956,19.7,"[(0.434, 0.6785714285714286, 0.3294979079497908), (0.442, 0.7067099567099567, 0.348326359832636)]",-1
tomo_5bb31c,-1.0,-1.0,-1.0,800,928,928,19.3,[],3
tomo_5d01e8,-1.0,-1.0,-1.0,500,1024,1440,13.3,[],0
tomo_5d4c65,190.0,601.0,652.0,500,928,960,13.1,"[(0.38, 0.6476293103448276, 0.6791666666666666), (0.36, 0.8297413793103449, 0.503125), (0.374, 0.4224137931034483, 0.9395833333333333), (0.29, 0.5441810344827587, 0.8270833333333332), (0.5, 0.3988799305027577, 0.9069348348409556)]",-1
tomo_5d798e,121.0,349.0,402.0,300,960,928,15.6,"[(0.4033333333333333, 0.36354166666666665, 0.4331896551724138)]",1
tomo_5dd63d,135.0,823.0,772.0,300,960,928,13.1,"[(0.45, 0.8572916666666667, 0.8318965517241379)]",2
tomo_5e2a91,267.0,574.0,284.0,300,960,928,15.6,"[(0.89, 0.5979166666666667, 0.30603448275862066)]",3
tomo_5f1f0c,-1.0,-1.0,-1.0,300,960,928,16.8,[],1
tomo_5f235a,119.0,656.0,372.0,300,960,928,13.1,"[(0.39666666666666667, 0.6833333333333333, 0.40086206896551724)]",0
tomo_5f34b3,-1.0,-1.0,-1.0,500,924,956,19.7,[],2
tomo_603e40,118.0,123.0,367.0,300,960,928,13.1,"[(0.3933333333333333, 0.128125, 0.3954741379310345)]",1
tomo_60d478,75.0,681.0,456.0,300,928,928,13.1,"[(0.25, 0.7338362068965517, 0.49137931034482757)]",2
tomo_60ddbd,69.0,450.0,492.0,300,960,928,13.1,"[(0.23, 0.46875, 0.5301724137931034)]",3
tomo_616f0b,149.0,874.0,609.0,300,959,928,15.6,"[(0.49666666666666665, 0.9113660062565172, 0.65625)]",0
tomo_61e947,-1.0,-1.0,-1.0,800,928,960,13.1,[],3
tomo_622ca9,88.0,348.0,565.0,300,928,928,13.1,"[(0.29333333333333333, 0.375, 0.6088362068965517)]",1
tomo_62dbea,90.0,656.0,789.0,300,960,928,13.1,"[(0.3, 0.6833333333333333, 0.8502155172413793)]",2
tomo_62eea8,111.0,469.0,334.0,300,960,928,13.1,"[(0.37, 0.48854166666666665, 0.3599137931034483), (0.234375, 0.6309656849039111, 0.37121599032611763), (0.6171875, 0.5782059006193969, 0.3411163621363216)]",3
tomo_6303f0,199.0,590.0,212.0,300,960,928,13.1,"[(0.6633333333333333, 0.6145833333333334, 0.22844827586206898)]",0
tomo_634b06,212.0,185.0,728.0,500,928,960,13.1,"[(0.424, 0.19935344827586207, 0.7583333333333333), (0.512, 0.5560344827586207, 0.5302083333333333), (0.456, 0.45474137931034475, 0.6916666666666667), (0.532, 0.5290948275862069, 0.5572916666666666), (0.6171875, 0.4110238923851757, 0.6486787484416209), (0.6484375, 0.2765022830111389, 0.6520417886759718), (0.34375, 0.5646027297538676, 0.48725281719277674), (0.3046875, 0.4558644288431879, 0.6408316545614688), (0.6171875, 0.3572152486355609, 0.6744620569049782), (0.578125, 0.24959796113633156, 0.7271496872431423), (0.5859375, 0.35385220840121007, 0.6957613117225337), (0.34375, 0.504068005535551, 0.217088585033253), (0.359375, 0.36954639616151425, 0.09377710977371934)]",-1
tomo_63e635,-1.0,-1.0,-1.0,800,928,960,13.1,[],0
tomo_640a74,3.0,563.0,673.0,300,960,928,13.1,"[(0.01, 0.5864583333333333, 0.7252155172413793)]",1
tomo_643b20,168.0,387.0,596.0,300,960,928,13.1,"[(0.56, 0.403125, 0.6422413793103449)]",2
tomo_646049,-1.0,-1.0,-1.0,300,960,928,15.6,[],1
tomo_6478e5,-1.0,-1.0,-1.0,300,960,928,16.8,[],2
tomo_648adf,-1.0,-1.0,-1.0,400,960,928,15.6,[],3
tomo_651ec2,-1.0,-1.0,-1.0,500,924,956,16.1,[],0
tomo_651ecd,152.0,455.0,337.0,300,960,928,13.1,"[(0.5066666666666667, 0.4739583333333333, 0.36314655172413796)]",3
tomo_6521dc,-1.0,-1.0,-1.0,300,960,928,15.6,"[(0.703125, 0.4950998982439486, 0.2585660812569144)]",1
tomo_656915,202.0,794.0,167.0,500,924,956,19.7,"[(0.404, 0.8593073593073594, 0.17468619246861924), (0.390625, 0.48393510241150023, 0.8625606062688769)]",0
tomo_6607ec,-1.0,-1.0,-1.0,300,960,928,15.6,[],2
tomo_66285d,75.0,438.0,640.0,300,928,928,13.1,"[(0.25, 0.47198275862068967, 0.6896551724137931)]",1
tomo_672101,102.0,290.0,581.0,300,960,928,13.1,"[(0.34, 0.3020833333333333, 0.6260775862068966)]",2
tomo_6733fa,133.0,323.0,751.0,300,960,928,13.1,"[(0.44333333333333336, 0.33645833333333336, 0.8092672413793104)]",3
tomo_675583,187.0,565.0,765.0,300,960,928,16.8,"[(0.6233333333333333, 0.5885416666666666, 0.8243534482758621)]",0
tomo_67565e,124.0,622.0,610.0,300,959,928,15.6,"[(0.41333333333333333, 0.64859228362878, 0.6573275862068966)]",1
tomo_676744,252.0,589.0,491.0,300,960,928,16.8,"[(0.84, 0.6135416666666667, 0.5290948275862069)]",2
tomo_67717e,137.0,280.0,561.0,300,959,928,15.6,"[(0.45666666666666667, 0.291970802919708, 0.6045258620689655), (0.5333333333333333, 0.17831074035453598, 0.43534482758620696)]",-1
tomo_67ff4e,-1.0,-1.0,-1.0,800,928,960,16.1,[],3
tomo_68e123,89.0,771.0,530.0,300,928,928,15.6,"[(0.2966666666666667, 0.8308189655172413, 0.5711206896551724)]",3
tomo_692081,-1.0,-1.0,-1.0,800,928,960,16.1,[],0
tomo_6943e6,-1.0,-1.0,-1.0,300,960,928,16.8,[],1
tomo_69d7c9,-1.0,-1.0,-1.0,300,960,928,16.8,[],2
tomo_6a6a3b,-1.0,-1.0,-1.0,800,928,960,13.1,[],3
tomo_6a84b7,-1.0,-1.0,-1.0,800,928,960,13.1,"[(0.515625, 0.8997123614383932, 0.5638378218010206)]",0
tomo_6acb9e,80.0,562.0,831.0,300,960,928,13.1,"[(0.26666666666666666, 0.5854166666666667, 0.8954741379310345)]",0
tomo_6b1fd3,-1.0,-1.0,-1.0,500,924,956,19.7,[],1
tomo_6bb452,-1.0,-1.0,-1.0,800,928,960,13.1,[],2
tomo_6bc974,74.0,555.0,610.0,300,928,928,13.1,"[(0.24666666666666667, 0.5980603448275862, 0.6573275862068966)]",1
tomo_6c203d,165.0,308.0,280.0,300,960,928,13.1,"[(0.55, 0.32083333333333336, 0.3017241379310345)]",2
tomo_6c4df3,-1.0,-1.0,-1.0,500,924,956,19.7,[],3
tomo_6c5a26,175.0,620.0,478.0,300,960,928,15.6,"[(0.5833333333333334, 0.6458333333333334, 0.5150862068965517)]",3
tomo_6cb0f0,144.0,657.0,273.0,300,960,928,13.1,"[(0.48, 0.684375, 0.2941810344827586)]",0
tomo_6cf2df,436.0,261.0,514.0,500,928,960,13.1,"[(0.872, 0.28125, 0.5354166666666667), (0.674, 0.11206896551724138, 0.46875), (0.5625, 0.44129125449433393, 0.7237866470087914)]",-1
tomo_6d22d1,50.0,797.0,362.0,300,960,928,13.1,"[(0.16666666666666666, 0.8302083333333333, 0.3900862068965517)]",1
tomo_6df2d6,105.0,788.0,537.0,300,960,928,13.1,"[(0.35, 0.8208333333333333, 0.5786637931034483)]",2
tomo_6e196d,-1.0,-1.0,-1.0,500,1024,1440,13.3,[],0
tomo_6e237a,119.0,796.0,663.0,300,959,928,15.6,"[(0.39666666666666667, 0.8300312825860271, 0.7144396551724138)]",3
tomo_6f0ee4,165.0,336.0,202.0,300,959,928,15.6,"[(0.55, 0.35036496350364965, 0.21767241379310345)]",0
tomo_6f2c1f,216.0,608.0,328.0,300,960,928,13.1,"[(0.72, 0.6333333333333333, 0.35344827586206895)]",1
tomo_6f83d4,123.0,424.0,293.0,300,960,928,13.1,"[(0.41, 0.44166666666666665, 0.31573275862068967)]",2
tomo_7036ee,166.0,569.0,724.0,300,960,928,13.1,"[(0.5533333333333333, 0.5927083333333333, 0.7801724137931034)]",3
tomo_711fad,-1.0,-1.0,-1.0,500,924,956,19.7,[],1
tomo_71d2c0,-1.0,-1.0,-1.0,800,928,928,19.3,[],2
tomo_71ece1,149.0,424.0,416.0,300,928,928,13.1,"[(0.49666666666666665, 0.45689655172413796, 0.4482758620689655)]",0
tomo_72763e,154.0,592.0,875.0,300,959,928,15.6,"[(0.5133333333333333, 0.6173096976016684, 0.9428879310344828)]",1
tomo_72b187,-1.0,-1.0,-1.0,300,960,928,13.1,[],3
tomo_73173f,142.0,655.0,567.0,300,928,928,13.2,"[(0.47333333333333333, 0.7058189655172414, 0.6109913793103449), (0.359375, 0.6755830574874478, 0.6688569898477265)]",2
tomo_736dfa,-1.0,-1.0,-1.0,800,927,959,13.1,[],0
tomo_738500,200.0,389.0,437.0,300,960,928,15.6,"[(0.6666666666666666, 0.40520833333333334, 0.4709051724137931)]",3
tomo_746d88,-1.0,-1.0,-1.0,800,928,928,19.3,[],1
tomo_754447,201.0,207.0,459.0,500,924,956,19.7,"[(0.402, 0.22402597402597402, 0.48012552301255235), (0.436, 0.24675324675324675, 0.4654811715481172)]",-1
tomo_7550f4,134.0,500.0,710.0,300,960,928,16.8,"[(0.44666666666666666, 0.5208333333333334, 0.7650862068965517)]",0
tomo_769126,95.0,114.0,566.0,300,960,928,13.1,"[(0.31666666666666665, 0.11875, 0.6099137931034483)]",1
tomo_76a42b,181.0,497.0,635.0,300,960,928,13.1,"[(0.6033333333333334, 0.5177083333333333, 0.6842672413793104)]",2
tomo_774aae,-1.0,-1.0,-1.0,800,928,960,16.1,[],2
tomo_78b03d,-1.0,-1.0,-1.0,300,960,928,16.8,[],3
tomo_79756f,206.0,795.0,230.0,300,959,928,15.6,"[(0.6866666666666666, 0.8289885297184567, 0.2478448275862069)]",3
tomo_79a385,196.0,704.0,676.0,300,960,928,15.6,"[(0.6533333333333333, 0.7333333333333333, 0.728448275862069)]",0
tomo_79d622,218.0,308.0,505.0,300,928,928,13.1,"[(0.7266666666666667, 0.33189655172413796, 0.5441810344827587)]",1
tomo_7a49bd,-1.0,-1.0,-1.0,500,1024,1440,13.3,[],0
tomo_7a9b64,125.0,402.0,469.0,300,960,928,13.1,"[(0.4166666666666667, 0.41875, 0.5053879310344828)]",2
tomo_7b1ee3,182.0,651.0,626.0,300,960,928,13.1,"[(0.6066666666666667, 0.678125, 0.6745689655172413)]",3
tomo_7ca7c0,89.0,712.0,107.0,300,928,928,15.6,"[(0.2966666666666667, 0.7672413793103449, 0.11530172413793104), (0.4166666666666667, 0.36099137931034475, 0.06357758620689655), (0.55, 0.625, 0.8556034482758621)]",-1
tomo_7cf523,-1.0,-1.0,-1.0,300,960,928,16.8,[],1
tomo_7dc063,-1.0,-1.0,-1.0,800,928,960,13.1,[],2
tomo_7dcfb8,-1.0,-1.0,-1.0,300,960,928,16.8,[],3
tomo_7e3494,-1.0,-1.0,-1.0,800,928,960,16.1,"[(0.375, 0.2815108218294844, 0.45747691348963515)]",0
tomo_7eb641,-1.0,-1.0,-1.0,300,960,928,15.6,[],1
tomo_7f0184,228.0,331.0,350.0,300,960,928,13.1,"[(0.76, 0.34479166666666666, 0.3771551724137931)]",0
tomo_7fa3b1,-1.0,-1.0,-1.0,300,960,928,19.2,[],2
tomo_7fbc49,0.0,556.0,359.0,300,960,928,13.1,"[(0.0, 0.5791666666666667, 0.38685344827586204)]",1
tomo_806a8f,110.0,749.0,427.0,300,960,928,13.1,"[(0.36666666666666664, 0.7802083333333333, 0.46012931034482757)]",2
tomo_80bf0f,-1.0,-1.0,-1.0,500,960,928,16.8,[],3
tomo_813916,-1.0,-1.0,-1.0,800,928,960,13.1,[],0
tomo_81445c,102.0,807.0,233.0,300,960,928,13.1,"[(0.34, 0.840625, 0.2510775862068966)]",3
tomo_8174f5,-1.0,-1.0,-1.0,500,1024,1440,13.3,[],1
tomo_821255,-1.0,-1.0,-1.0,300,960,928,15.6,[],2
tomo_823bc7,160.0,356.0,805.0,300,960,928,13.1,"[(0.5333333333333333, 0.37083333333333335, 0.8674568965517241)]",0
tomo_82d780,107.0,366.0,574.0,300,960,928,15.6,"[(0.3566666666666667, 0.38125, 0.6185344827586207)]",1
tomo_8351d1,-1.0,-1.0,-1.0,500,1024,1440,13.3,[],3
tomo_84997e,139.0,813.0,688.0,300,959,928,15.6,"[(0.4633333333333333, 0.8477580813347236, 0.7413793103448276)]",2
tomo_8554af,93.0,254.0,549.0,300,960,928,15.6,"[(0.31, 0.26458333333333334, 0.5915948275862069)]",3
tomo_85708b,-1.0,-1.0,-1.0,800,928,960,16.1,[],0
tomo_85edfd,-1.0,-1.0,-1.0,300,960,928,16.8,[],1
tomo_85fa87,152.0,369.0,41.0,300,959,928,15.6,"[(0.5066666666666667, 0.38477580813347234, 0.04418103448275862)]",0
tomo_8634ee,-1.0,-1.0,-1.0,800,928,960,13.1,[],2
tomo_868255,243.0,373.0,784.0,300,960,928,15.6,"[(0.81, 0.3885416666666667, 0.8448275862068966)]",1
tomo_881d84,189.0,527.0,393.0,300,960,928,16.8,"[(0.63, 0.5489583333333333, 0.4234913793103448)]",2
tomo_88af60,-1.0,-1.0,-1.0,500,1024,1440,13.3,[],3
tomo_891730,244.0,193.0,387.0,300,960,928,13.1,"[(0.8133333333333334, 0.20104166666666667, 0.4170258620689655)]",3
tomo_891afe,-1.0,-1.0,-1.0,300,960,928,16.8,[],0
tomo_89d156,138.0,410.0,351.0,300,928,928,13.1,"[(0.46, 0.4418103448275862, 0.37823275862068967)]",0
tomo_8acc4b,-1.0,-1.0,-1.0,500,1024,1440,13.3,[],1
tomo_8b6795,141.0,220.0,159.0,300,960,928,13.1,"[(0.47, 0.22916666666666666, 0.1713362068965517)]",1
tomo_8c13d9,119.0,442.0,285.0,300,928,928,13.1,"[(0.39666666666666667, 0.47629310344827586, 0.30711206896551724)]",2
tomo_8d231b,-1.0,-1.0,-1.0,300,960,928,15.6,[],2
tomo_8d2d48,117.0,683.0,609.0,300,924,956,19.7,"[(0.39, 0.7391774891774893, 0.6370292887029289), (0.5133333333333333, 0.40476190476190477, 0.8430962343096234), (0.38333333333333336, 0.7803030303030303, 0.6317991631799164), (0.45333333333333325, 0.3874458874458875, 0.895397489539749), (0.3828125, 0.4090435378039971, 0.8538638525702889)]",-1
tomo_8d5995,-1.0,-1.0,-1.0,300,960,928,15.6,[],3
tomo_8e30f5,-1.0,-1.0,-1.0,300,960,928,15.6,[],0
tomo_8e4919,-1.0,-1.0,-1.0,300,960,928,15.6,[],1
tomo_8e4f7d,131.0,593.0,480.0,300,960,928,13.1,"[(0.43666666666666665, 0.6177083333333333, 0.5172413793103449)]",3
tomo_8e58f1,111.0,422.0,280.0,300,960,928,15.6,"[(0.37, 0.4395833333333333, 0.3017241379310345)]",0
tomo_8e8368,169.0,295.0,600.0,300,959,928,15.6,"[(0.5633333333333334, 0.30761209593326383, 0.646551724137931)]",1
tomo_8e90f9,157.0,396.0,707.0,300,960,928,16.8,"[(0.5233333333333333, 0.4125, 0.7618534482758621)]",2
tomo_8ee8fd,-1.0,-1.0,-1.0,300,960,928,16.1,[],2
tomo_8f063a,159.0,382.0,99.0,300,960,928,13.1,"[(0.53, 0.39791666666666664, 0.10668103448275862)]",3
tomo_8f4d60,120.0,450.0,457.0,300,960,928,15.6,"[(0.4, 0.46875, 0.49245689655172414)]",0
tomo_8f5995,157.0,330.0,220.0,300,960,928,13.1,"[(0.5233333333333333, 0.34375, 0.23706896551724138)]",1
tomo_91031e,-1.0,-1.0,-1.0,300,960,928,16.8,[],3
tomo_918e2b,210.0,489.0,540.0,300,960,928,13.1,"[(0.7, 0.509375, 0.5818965517241379)]",2
tomo_91beab,-1.0,-1.0,-1.0,500,924,956,19.7,[],0
tomo_91c84c,126.0,462.0,638.0,300,960,928,15.6,"[(0.42, 0.48125, 0.6875)]",3
tomo_935ae0,133.0,578.0,123.0,300,960,928,13.1,"[(0.44333333333333336, 0.6020833333333333, 0.13254310344827586)]",0
tomo_935f8a,-1.0,-1.0,-1.0,300,960,928,16.8,[],1
tomo_93c0b4,43.0,683.0,320.0,300,960,928,13.1,"[(0.14333333333333334, 0.7114583333333333, 0.3448275862068966)]",1
tomo_94a841,-1.0,-1.0,-1.0,300,960,928,15.6,[],2
tomo_94c173,59.0,541.0,369.0,300,960,928,13.1,"[(0.19666666666666666, 0.5635416666666667, 0.39762931034482757)]",2
tomo_957567,-1.0,-1.0,-1.0,300,960,928,13.1,[],3
tomo_95c0eb,-1.0,-1.0,-1.0,800,927,959,13.1,[],0
tomo_95e699,150.0,344.0,439.0,300,960,928,13.1,"[(0.5, 0.35833333333333334, 0.4730603448275862)]",3
tomo_9674bf,90.0,601.0,156.0,300,960,928,13.1,"[(0.3, 0.6260416666666667, 0.16810344827586207)]",0
tomo_971966,-1.0,-1.0,-1.0,500,924,956,16.1,"[(0.4375, 0.9082597393926153, 0.5002850570180638), (0.4609375, 0.893710287106143, 0.5421147323416724), (0.515625, 0.9082597393926153, 0.515743850072441), (0.4453125, 0.07452946889393877, 0.49706933295989303), (0.40625, 0.06462613711556583, 0.5207608909980642), (0.390625, 0.08015802659494797, 0.49212396977045336)]",1
tomo_9722d1,286.0,80.0,642.0,500,924,956,19.7,"[(0.572, 0.08658008658008658, 0.6715481171548117), (0.538, 0.07251082251082251, 0.700836820083682)]",-1
tomo_974fd4,-1.0,-1.0,-1.0,300,928,928,16.8,[],2
tomo_975287,-1.0,-1.0,-1.0,500,924,956,19.7,[],3
tomo_97876d,-1.0,-1.0,-1.0,800,928,960,13.1,[],0
tomo_97a2c6,158.0,404.0,182.0,300,959,928,15.6,"[(0.5266666666666666, 0.42127215849843586, 0.1961206896551724)]",1
tomo_983fce,-1.0,-1.0,-1.0,500,928,960,13.1,[],1
tomo_98686a,226.0,586.0,545.0,300,960,928,13.1,"[(0.7533333333333333, 0.6104166666666667, 0.5872844827586207)]",2
tomo_98d455,173.0,799.0,162.0,300,959,928,15.6,"[(0.5766666666666667, 0.8331595411887383, 0.17456896551724138)]",3
tomo_997240,179.0,489.0,869.0,500,924,956,19.7,"[(0.358, 0.5292207792207793, 0.9089958158995816), (0.398, 0.5227272727272727, 0.9225941422594143), (0.3984375, 0.1973711453143542, 0.9959129119481219)]",-1
tomo_997437,123.0,754.0,764.0,300,959,928,15.6,"[(0.41, 0.786235662148071, 0.8232758620689655)]",0
tomo_9986f0,208.0,556.0,376.0,300,960,928,13.1,"[(0.6933333333333334, 0.5791666666666667, 0.4051724137931034)]",1
tomo_9997b3,237.0,491.0,442.0,300,960,928,15.6,"[(0.79, 0.5114583333333333, 0.47629310344827586)]",2
tomo_99a3ce,81.0,574.0,665.0,300,960,928,13.1,"[(0.27, 0.5979166666666667, 0.7165948275862069)]",3
tomo_9a7701,166.0,258.0,87.0,500,924,956,19.7,"[(0.332, 0.2792207792207792, 0.09100418410041841), (0.44, 0.23917748917748918, 0.797071129707113), (0.412, 0.25, 0.8190376569037657), (0.458, 0.2564935064935065, 0.8305439330543933), (0.382, 0.2727272727272727, 0.09623430962343096), (0.426, 0.27164502164502163, 0.8410041841004184), (0.390625, 0.2899544439485425, 0.056783667195859255)]",-1
tomo_9ae65f,-1.0,-1.0,-1.0,500,924,956,19.7,"[(0.4140625, 0.7375829055304244, 0.3944626904661525)]",2
tomo_9aee96,-1.0,-1.0,-1.0,800,928,960,13.1,[],3
tomo_9c0253,209.0,408.0,821.0,300,960,928,13.1,"[(0.6966666666666667, 0.425, 0.884698275862069)]",0
tomo_9cd09e,124.0,817.0,772.0,300,960,928,13.1,"[(0.41333333333333333, 0.8510416666666667, 0.8318965517241379), (0.4296875, 0.8210441341844691, 0.9314303225416268)]",1
tomo_9cde9d,-1.0,-1.0,-1.0,600,928,928,19.3,"[(0.65625, 0.19671370079713796, 0.9233220729983516)]",0
tomo_9d3a0e,157.0,787.0,355.0,300,960,928,13.1,"[(0.5233333333333333, 0.8197916666666667, 0.38254310344827586)]",2
tomo_9dbc12,-1.0,-1.0,-1.0,500,924,956,16.1,[],1
tomo_9ed470,160.0,270.0,665.0,300,959,928,15.6,"[(0.5333333333333333, 0.28154327424400416, 0.7165948275862069)]",3
tomo_9f1828,113.0,219.0,665.0,300,959,928,15.6,"[(0.37666666666666665, 0.2283628779979145, 0.7165948275862069)]",0
tomo_9f222a,141.0,302.0,522.0,300,960,928,16.8,"[(0.47, 0.3145833333333333, 0.5625)]",1
tomo_9f424e,-1.0,-1.0,-1.0,800,928,928,19.3,[],2
tomo_9f918e,-1.0,-1.0,-1.0,800,928,960,16.1,[],3
tomo_9fc2b6,128.0,728.0,570.0,300,960,928,13.1,"[(0.4266666666666667, 0.7583333333333333, 0.6142241379310345)]",2
tomo_a020d7,202.0,438.0,320.0,300,928,928,13.1,"[(0.6733333333333333, 0.47198275862068967, 0.3448275862068966)]",3
tomo_a0cb00,88.0,529.0,700.0,300,960,928,13.1,"[(0.29333333333333333, 0.5510416666666667, 0.7543103448275862)]",0
tomo_a1a9a3,78.0,590.0,125.0,300,960,928,15.6,"[(0.26, 0.6145833333333334, 0.13469827586206898)]",1
tomo_a2a928,-1.0,-1.0,-1.0,300,960,928,16.8,[],0
tomo_a2bf30,152.0,260.0,464.0,300,960,928,16.8,"[(0.5066666666666667, 0.2708333333333333, 0.5)]",2
tomo_a37a5c,161.0,748.0,709.0,300,959,928,15.6,"[(0.5366666666666666, 0.7799791449426486, 0.7640086206896551)]",3
tomo_a3ed10,-1.0,-1.0,-1.0,800,928,960,13.1,[],1
tomo_a46b26,175.0,492.0,658.0,300,960,928,15.6,"[(0.5833333333333334, 0.5125, 0.709051724137931)]",0
tomo_a4c52f,94.0,421.0,402.0,300,960,928,15.6,"[(0.31333333333333335, 0.43854166666666666, 0.4331896551724138)]",1
tomo_a4f419,-1.0,-1.0,-1.0,800,928,960,16.1,[],2
tomo_a537dd,49.0,512.0,373.0,300,960,928,15.6,"[(0.16333333333333333, 0.5333333333333333, 0.4019396551724138)]",2
tomo_a549d6,170.0,355.0,735.0,300,960,928,13.1,"[(0.5666666666666667, 0.36979166666666663, 0.7920258620689656), (0.3233333333333333, 0.2791666666666667, 0.8308189655172414)]",-1
tomo_a5ac23,171.0,438.0,138.0,300,959,928,15.6,"[(0.57, 0.456725755995829, 0.14870689655172414), (0.5633333333333334, 0.5985401459854016, 0.9644396551724138)]",-1
tomo_a6646f,-1.0,-1.0,-1.0,800,928,960,13.1,[],3
tomo_a67e9f,277.0,158.0,774.0,500,924,956,19.7,"[(0.554, 0.170995670995671, 0.8096234309623431)]",3
tomo_a72a52,-1.0,-1.0,-1.0,800,928,960,13.1,[],0
tomo_a75c98,107.0,456.0,346.0,300,960,928,13.1,"[(0.3566666666666667, 0.475, 0.3728448275862069)]",0
tomo_a8073d,387.0,59.0,188.0,500,928,960,13.1,"[(0.774, 0.06357758620689655, 0.19583333333333336), (0.866, 0.5118534482758621, 0.3666666666666666), (0.87, 0.33189655172413796, 0.296875)]",-1
tomo_a81e01,162.0,278.0,70.0,300,959,928,15.6,"[(0.54, 0.28988529718456724, 0.07543103448275862)]",1
tomo_a84050,80.0,771.0,150.0,300,928,928,13.1,"[(0.26666666666666666, 0.8308189655172414, 0.16163793103448276), (0.5, 0.4935344827586206, 0.6530172413793104)]",-1
tomo_a8bf76,143.0,335.0,383.0,300,960,928,13.1,"[(0.4766666666666667, 0.3489583333333333, 0.41271551724137934)]",2
tomo_a910fe,78.0,377.0,326.0,300,960,928,13.1,"[(0.26, 0.39270833333333327, 0.35129310344827586), (0.171875, 0.9530102899406505, 0.38938772791277976)]",3
tomo_a9d067,250.0,657.0,564.0,500,924,956,19.7,"[(0.5, 0.7110389610389611, 0.5899581589958159), (0.384, 0.6948051948051948, 0.7792887029288703), (0.398, 0.7207792207792207, 0.7583682008368201), (0.46875, 0.6909603320143545, 0.7763426947714619), (0.4765625, 0.7245907343578637, 0.7572854667768067), (0.3984375, 0.7806414049303789, 0.6844195950325368)]",-1
tomo_aaa1fd,-1.0,-1.0,-1.0,300,960,928,15.6,[],1
tomo_ab30af,-1.0,-1.0,-1.0,500,1024,1440,13.3,[],2
tomo_ab78d0,-1.0,-1.0,-1.0,800,928,960,13.1,[],3
tomo_ab804d,-1.0,-1.0,-1.0,800,928,960,13.1,"[(0.4296875, 0.423355039911129, 0.7125765128942885)]",0
tomo_abac2e,155.0,535.0,96.0,300,959,928,15.6,"[(0.5166666666666667, 0.5578727841501564, 0.10344827586206896)]",0
tomo_abb45a,156.0,748.0,688.0,300,960,928,13.1,"[(0.52, 0.7791666666666667, 0.7413793103448276)]",1
tomo_abbd3b,-1.0,-1.0,-1.0,800,928,928,19.3,[],1
tomo_ac4f0d,-1.0,-1.0,-1.0,800,928,960,16.1,[],2
tomo_ac9fef,-1.0,-1.0,-1.0,500,924,956,19.7,"[(0.34375, 0.011948560245545962, 0.46812450838760544)]",3
tomo_acadd7,60.0,488.0,759.0,300,960,928,15.6,"[(0.2, 0.5083333333333333, 0.8178879310344828)]",2
tomo_adc026,157.0,432.0,776.0,300,959,928,15.6,"[(0.5233333333333333, 0.4504692387904067, 0.8362068965517241)]",3
tomo_ae347a,180.0,775.0,596.0,500,924,956,19.7,"[(0.36, 0.8387445887445889, 0.6234309623430963), (0.412, 0.8528138528138528, 0.6077405857740585), (0.328125, 0.8445156280631692, 0.5832674272530539)]",-1
tomo_aeaf51,-1.0,-1.0,-1.0,500,1024,1440,13.3,[],0
tomo_aec312,239.0,542.0,381.0,500,924,956,19.7,"[(0.478, 0.5865800865800865, 0.3985355648535565), (0.5, 0.5757575757575758, 0.42573221757322177), (0.5546875, 0.5780548906912713, 0.4042978247454541), (0.5234375, 0.5937490784515755, 0.38636161016224924), (0.4140625, 0.92781107078744, 0.743964888414897), (0.4375, 0.9468682987820953, 0.7181815799515401), (0.4609375, 0.9412632317248437, 0.7349967811232946)]",-1
tomo_aff073,-1.0,-1.0,-1.0,500,924,956,16.1,"[(0.515625, 0.6666149501958455, 0.7204236067744406), (0.4921875, 0.44577530814013516, 0.7338757677118443)]",1
tomo_b03f81,116.0,439.0,767.0,300,960,928,13.1,"[(0.38666666666666666, 0.45729166666666665, 0.8265086206896551)]",0
tomo_b0ded6,267.0,343.0,834.0,500,924,956,19.7,"[(0.534, 0.37121212121212127, 0.8723849372384938), (0.494, 0.3625541125541126, 0.8765690376569037)]",-1
tomo_b0e5c6,133.0,593.0,861.0,300,928,928,15.6,"[(0.44333333333333336, 0.6390086206896551, 0.927801724137931), (0.546875, 0.2776232964225892, 0.2708972287828677)]",1
tomo_b10aa4,-1.0,-1.0,-1.0,300,960,928,15.6,[],2
tomo_b11ddc,-1.0,-1.0,-1.0,300,960,928,19.2,[],3
tomo_b18127,-1.0,-1.0,-1.0,500,924,956,19.7,[],0
tomo_b24f1a,-1.0,-1.0,-1.0,300,960,928,15.6,[],1
tomo_b28579,-1.0,-1.0,-1.0,800,927,959,13.1,[],2
tomo_b2b342,-1.0,-1.0,-1.0,300,960,928,15.6,"[(0.484375, 0.6982232118831775, 0.5765265641356686)]",3
tomo_b2eb0c,-1.0,-1.0,-1.0,500,1024,1440,13.3,[],0
tomo_b2ebbc,107.0,461.0,234.0,300,960,928,13.1,"[(0.3566666666666667, 0.48020833333333335, 0.2521551724137931)]",2
tomo_b33d4e,434.0,237.0,734.0,500,928,960,13.1,"[(0.868, 0.2553879310344827, 0.7645833333333332), (0.824, 0.3071120689655173, 0.8010416666666667), (0.8828125, 0.9244480348294158, 0.37066742240194495), (0.9921875, 0.7941856785872996, 0.6038243814278172)]",-1
tomo_b4a1f0,208.0,723.0,402.0,500,924,956,19.7,"[(0.416, 0.7824675324675324, 0.4205020920502092), (0.452, 0.7824675324675324, 0.3901673640167364), (0.404, 0.7748917748917749, 0.38389121338912136), (0.446, 0.7348484848484849, 0.9267782426778243), (0.5, 0.06799378848138193, 0.24175088008515977), (0.484375, 0.6968823123050037, 0.9569574365904551), (0.4921875, 0.7170605537111092, 0.9356581817728994), (0.4140625, 0.7130396433843159, 0.9412811650861171), (0.3984375, 0.8718656448936859, 0.9591998397301139), (0.4140625, 0.8976489533570431, 0.9479897056156108), (0.484375, 0.8841967924196393, 0.9524737592614119)]",-1
tomo_b4d92b,96.0,625.0,647.0,300,960,928,13.1,"[(0.32, 0.6510416666666666, 0.697198275862069)]",3
tomo_b4d9da,-1.0,-1.0,-1.0,800,928,960,13.1,[],1
tomo_b50c0f,143.0,710.0,779.0,300,928,928,15.6,"[(0.4766666666666667, 0.7650862068965517, 0.8394396551724138)]",0
tomo_b54396,40.0,630.0,335.0,300,960,928,13.1,"[(0.13333333333333333, 0.65625, 0.3609913793103448)]",1
tomo_b7becf,-1.0,-1.0,-1.0,800,927,959,13.1,[],2
tomo_b7d014,176.0,381.0,274.0,500,928,960,13.1,"[(0.352, 0.4105603448275862, 0.28541666666666665), (0.362, 0.5991379310344828, 0.34270833333333334), (0.3828125, 0.8752864306865212, 0.44193403527514)]",-1
tomo_b7d94c,105.0,747.0,659.0,300,960,928,13.1,"[(0.35, 0.778125, 0.7101293103448276)]",2
tomo_b80310,123.0,429.0,296.0,300,928,928,13.1,"[(0.41, 0.46228448275862066, 0.31896551724137934)]",3
tomo_b8595d,-1.0,-1.0,-1.0,300,928,928,16.8,[],3
tomo_b87c8e,-1.0,-1.0,-1.0,300,960,928,13.1,[],0
tomo_b8f096,142.0,596.0,584.0,300,960,928,13.1,"[(0.47333333333333333, 0.6208333333333333, 0.6293103448275862)]",0
tomo_b9088c,-1.0,-1.0,-1.0,300,960,928,15.6,[],1
tomo_b93a2d,-1.0,-1.0,-1.0,300,960,928,16.8,[],2
tomo_b98cf6,-1.0,-1.0,-1.0,800,928,960,13.1,[],3
tomo_b9de3e,-1.0,-1.0,-1.0,500,1024,1440,13.3,[],0
tomo_b9eb9a,-1.0,-1.0,-1.0,300,960,928,15.6,[],1
tomo_ba37ec,149.0,601.0,365.0,300,960,928,15.6,"[(0.49666666666666665, 0.6260416666666667, 0.3933189655172414)]",1
tomo_ba76d8,-1.0,-1.0,-1.0,800,928,928,19.3,[],2
tomo_ba9b3d,139.0,856.0,343.0,300,959,928,15.6,"[(0.4633333333333333, 0.8925964546402503, 0.36961206896551724)]",2
tomo_bad724,-1.0,-1.0,-1.0,800,928,960,13.1,[],3
tomo_bad7b3,194.0,383.0,682.0,300,959,928,15.6,"[(0.6466666666666666, 0.39937434827945784, 0.7349137931034483), (0.47333333333333333, 0.1845672575599583, 0.802801724137931), (0.4921875, 0.7008791084569881, 0.16358348656244234)]",-1
tomo_bb5ac1,-1.0,-1.0,-1.0,300,960,928,16.8,[],0
tomo_bb9df3,244.0,619.0,380.0,300,960,928,15.6,"[(0.8133333333333334, 0.6447916666666667, 0.40948275862068967)]",3
tomo_bbe766,195.0,855.0,288.0,300,959,928,15.6,"[(0.65, 0.8915537017726799, 0.3103448275862069)]",0
tomo_bc143f,-1.0,-1.0,-1.0,500,924,956,19.7,[],1
tomo_bcb115,-1.0,-1.0,-1.0,300,960,928,16.8,[],2
tomo_bd42fa,-1.0,-1.0,-1.0,500,928,960,13.1,[],3
tomo_bdc097,-1.0,-1.0,-1.0,300,960,928,16.8,"[(0.6328125, 0.26249079314381735, 0.5056276771463406)]",0
tomo_bdd3a0,141.0,814.0,590.0,300,959,928,15.6,"[(0.47, 0.848800834202294, 0.6357758620689655)]",1
tomo_bde7f3,235.0,542.0,283.0,300,960,928,13.1,"[(0.7833333333333333, 0.5645833333333333, 0.30495689655172414)]",2
tomo_be4a3a,111.0,602.0,896.0,300,959,928,15.6,"[(0.37, 0.6277372262773723, 0.9655172413793104)]",3
tomo_be9b98,-1.0,-1.0,-1.0,800,928,960,13.1,[],1
tomo_bebadf,143.0,360.0,410.0,300,960,928,13.1,"[(0.4766666666666667, 0.375, 0.4418103448275862)]",0
tomo_bede89,157.0,597.0,661.0,300,960,928,13.1,"[(0.5233333333333333, 0.621875, 0.7122844827586207)]",1
tomo_bf1398,235.0,583.0,185.0,500,924,956,19.7,"[(0.47, 0.6309523809523809, 0.19351464435146445), (0.474, 0.5941558441558441, 0.1705020920502092), (0.53125, 0.5948700918630259, 0.17785311563249226), (0.5234375, 0.6217744137378332, 0.19242628998134625), (0.421875, 0.6083222528004295, 0.17561108880959175)]",-1
tomo_bfd5ea,-1.0,-1.0,-1.0,500,924,956,16.1,[],2
tomo_bfdf19,-1.0,-1.0,-1.0,300,960,928,15.6,[],3
tomo_c00ab5,104.0,529.0,464.0,300,960,928,13.1,"[(0.3466666666666667, 0.5510416666666667, 0.5)]",2
tomo_c10f64,-1.0,-1.0,-1.0,300,960,928,19.2,[],0
tomo_c11e12,171.0,687.0,620.0,300,959,928,15.6,"[(0.57, 0.7163712200208551, 0.6681034482758621)]",3
tomo_c13fbf,-1.0,-1.0,-1.0,500,924,956,19.7,[],1
tomo_c3619a,-1.0,-1.0,-1.0,300,928,928,16.8,[],2
tomo_c36b4b,-1.0,-1.0,-1.0,300,960,928,16.8,[],3
tomo_c36baf,92.0,406.0,660.0,300,960,928,13.1,"[(0.30666666666666664, 0.42291666666666666, 0.7112068965517241)]",0
tomo_c38e83,-1.0,-1.0,-1.0,500,928,960,13.1,[],0
tomo_c46d3c,202.0,528.0,592.0,300,960,928,13.1,"[(0.6733333333333333, 0.55, 0.6379310344827587)]",1
tomo_c4a4bb,204.0,616.0,471.0,300,960,928,13.1,"[(0.68, 0.6416666666666667, 0.5075431034482759)]",2
tomo_c4bfe2,-1.0,-1.0,-1.0,800,928,960,13.1,"[(0.5625, 0.5525667081312052, 0.38230388348198685)]",1
tomo_c4db00,-1.0,-1.0,-1.0,300,960,928,13.1,[],2
tomo_c596be,-1.0,-1.0,-1.0,800,928,960,13.1,[],3
tomo_c649f8,146.0,798.0,635.0,300,960,928,13.1,"[(0.4866666666666667, 0.83125, 0.6842672413793104)]",3
tomo_c678d9,142.0,271.0,420.0,300,928,928,16.8,"[(0.47333333333333333, 0.2920258620689655, 0.4525862068965517)]",0
tomo_c6f50a,-1.0,-1.0,-1.0,300,960,928,16.8,[],0
tomo_c77de0,-1.0,-1.0,-1.0,494,1912,1847,6.5,[],1
tomo_c7a40f,-1.0,-1.0,-1.0,500,1024,1440,13.3,[],2
tomo_c7b008,83.0,484.0,854.0,300,960,928,15.6,"[(0.27666666666666667, 0.5041666666666667, 0.9202586206896551)]",1
tomo_c84b46,-1.0,-1.0,-1.0,300,960,928,16.8,[],3
tomo_c84b8e,147.0,317.0,681.0,300,960,928,13.1,"[(0.49, 0.3302083333333333, 0.7338362068965517), (0.4609375, 0.698003325716454, 0.37627248945919656)]",2
tomo_c8f3ce,135.0,173.0,214.0,300,928,928,15.6,"[(0.45, 0.18642241379310345, 0.23060344827586207)]",3
tomo_c925ee,-1.0,-1.0,-1.0,800,927,959,13.1,[],0
tomo_c9d07c,-1.0,-1.0,-1.0,500,924,956,16.1,"[(0.4375, 0.38860362415616956, 0.1240444718828776)]",1
tomo_ca1d13,364.0,72.0,688.0,500,928,960,13.1,"[(0.728, 0.07758620689655173, 0.7166666666666667)]",0
tomo_ca472a,-1.0,-1.0,-1.0,800,928,960,13.1,[],2
tomo_ca8be0,-1.0,-1.0,-1.0,500,928,928,19.3,[],3
tomo_cabaa0,-1.0,-1.0,-1.0,500,924,956,19.7,[],0
tomo_cacb75,240.0,153.0,507.0,300,960,928,15.6,"[(0.8, 0.159375, 0.5463362068965517)]",1
tomo_cad74b,388.0,838.0,639.0,500,928,960,13.1,"[(0.776, 0.9030172413793104, 0.665625), (0.796, 0.7079741379310346, 0.5854166666666666), (0.778, 0.25754310344827586, 0.39583333333333326), (0.6484375, 0.07247784212718315, 0.34376310052713765)]",-1
tomo_cae587,-1.0,-1.0,-1.0,300,960,928,15.6,[],1
tomo_cb5ec6,-1.0,-1.0,-1.0,800,928,960,16.1,"[(0.5234375, 0.6192314611808294, 0.18275450787282288)]",2
tomo_cc2b5c,118.0,443.0,477.0,300,960,928,16.8,"[(0.3933333333333333, 0.46145833333333336, 0.5140086206896551)]",2
tomo_cc3fc4,199.0,389.0,218.0,300,960,928,13.1,"[(0.6633333333333333, 0.40520833333333334, 0.2349137931034483)]",3
tomo_cc65a9,136.0,266.0,486.0,300,960,928,15.6,"[(0.4533333333333333, 0.27708333333333335, 0.5237068965517241)]",0
tomo_cd1a7c,162.0,487.0,703.0,300,960,928,16.8,"[(0.54, 0.5072916666666667, 0.7575431034482759)]",1
tomo_cf0875,41.0,560.0,664.0,300,960,928,13.1,"[(0.13666666666666666, 0.5833333333333334, 0.7155172413793104)]",2
tomo_cf53d0,235.0,393.0,316.0,300,928,928,13.1,"[(0.7833333333333333, 0.4234913793103448, 0.34051724137931033)]",3
tomo_cf5bfc,-1.0,-1.0,-1.0,800,928,960,13.1,[],3
tomo_cff77a,242.0,490.0,536.0,300,960,928,15.6,"[(0.8066666666666666, 0.5104166666666666, 0.5775862068965517)]",0
tomo_d0699e,-1.0,-1.0,-1.0,300,960,928,16.8,[],0
tomo_d0aa3b,164.0,625.0,792.0,300,928,928,15.6,"[(0.5466666666666666, 0.6734913793103449, 0.853448275862069)]",1
tomo_d0c025,158.0,570.0,719.0,300,960,928,13.1,"[(0.5266666666666666, 0.59375, 0.7747844827586207)]",2
tomo_d0d9b6,-1.0,-1.0,-1.0,800,927,959,13.1,[],1
tomo_d21396,116.0,218.0,382.0,300,959,928,15.6,"[(0.38666666666666666, 0.2273201251303441, 0.41163793103448276)]",3
tomo_d23087,88.0,475.0,357.0,300,960,928,13.1,"[(0.29333333333333333, 0.4947916666666667, 0.38469827586206895)]",0
tomo_d2339b,105.0,626.0,532.0,300,960,928,13.1,"[(0.35, 0.6520833333333333, 0.5732758620689655)]",1
tomo_d26fcb,118.0,305.0,573.0,300,960,928,13.1,"[(0.3933333333333333, 0.3177083333333333, 0.6174568965517241)]",2
tomo_d2b1bc,95.0,535.0,192.0,300,960,928,13.1,"[(0.31666666666666665, 0.5572916666666666, 0.20689655172413793)]",3
tomo_d31c96,-1.0,-1.0,-1.0,800,928,960,13.1,"[(0.4375, 0.35497322181266033, 0.4794057233126247)]",2
tomo_d396b5,164.0,518.0,115.0,300,960,928,15.6,"[(0.5466666666666666, 0.5395833333333333, 0.12392241379310345)]",0
tomo_d3bef7,128.0,657.0,645.0,300,960,928,13.1,"[(0.4266666666666667, 0.684375, 0.6950431034482759)]",1
tomo_d5465a,-1.0,-1.0,-1.0,800,928,960,13.1,[],3
tomo_d56709,168.0,480.0,875.0,500,924,956,19.7,"[(0.336, 0.5194805194805194, 0.9152719665271967), (0.38, 0.48917748917748916, 0.9288702928870293), (0.3203125, 0.49061584459814733, 0.9345371683614491)]",-1
tomo_d5aa20,-1.0,-1.0,-1.0,800,928,960,16.1,[],0
tomo_d634b7,123.0,559.0,382.0,300,960,928,13.1,"[(0.41, 0.5822916666666667, 0.41163793103448276)]",2
tomo_d662b0,222.0,894.0,385.0,500,924,956,19.7,"[(0.444, 0.9675324675324676, 0.4027196652719665), (0.366, 0.5995670995670995, 0.7405857740585774), (0.408, 0.6114718614718615, 0.7437238493723849), (0.428, 0.4577922077922078, 0.19874476987447695), (0.412, 0.4264069264069264, 0.1809623430962343), (0.378, 0.577922077922078, 0.7269874476987447), (0.46875, 0.9861037724591828, 0.42671809297446034)]",-1
tomo_d6c63f,173.0,636.0,698.0,300,960,928,13.1,"[(0.5766666666666667, 0.6625, 0.7521551724137931)]",3
tomo_d6e3c7,-1.0,-1.0,-1.0,300,928,928,16.8,[],1
tomo_d723cd,-1.0,-1.0,-1.0,800,928,960,16.1,"[(0.546875, 0.8387710608117458, 0.7492054944153833)]",2
tomo_d7475d,143.0,221.0,440.0,300,960,928,15.6,"[(0.4766666666666667, 0.23020833333333332, 0.47413793103448276)]",0
tomo_d83ff4,115.0,685.0,701.0,300,959,928,15.6,"[(0.38333333333333336, 0.7142857142857143, 0.7553879310344828)]",1
tomo_d84544,55.0,586.0,602.0,300,960,928,13.1,"[(0.18333333333333332, 0.6104166666666667, 0.6487068965517241)]",2
tomo_d8c917,-1.0,-1.0,-1.0,800,928,960,13.1,[],3
tomo_d916dc,163.0,524.0,365.0,300,960,928,16.8,"[(0.5433333333333333, 0.5458333333333333, 0.3933189655172414)]",3
tomo_d96d6e,-1.0,-1.0,-1.0,800,928,960,13.1,[],0
tomo_d9a2af,102.0,830.0,385.0,300,960,928,13.1,"[(0.34, 0.8645833333333334, 0.41487068965517243)]",0
tomo_da38ea,134.0,299.0,278.0,300,959,928,15.6,"[(0.44666666666666666, 0.31178310740354537, 0.2995689655172414)]",1
tomo_da79d8,239.0,186.0,492.0,500,924,956,19.7,"[(0.478, 0.20129870129870134, 0.5146443514644351), (0.41, 0.19913419913419914, 0.5146443514644351), (0.446, 0.22294372294372297, 0.5135983263598326), (0.436, 0.1785714285714286, 0.5156903765690377)]",-1
tomo_dae195,-1.0,-1.0,-1.0,800,928,960,16.1,[],1
tomo_db2a10,-1.0,-1.0,-1.0,300,928,928,16.8,[],2
tomo_db4517,178.0,774.0,687.0,300,960,928,13.1,"[(0.5933333333333334, 0.80625, 0.740301724137931)]",2
tomo_db6051,-1.0,-1.0,-1.0,500,928,960,13.1,[],3
tomo_db656f,130.0,278.0,563.0,300,959,928,15.6,"[(0.43333333333333335, 0.28988529718456724, 0.6066810344827587)]",3
tomo_dbc66d,-1.0,-1.0,-1.0,300,960,928,16.8,[],0
tomo_dc9a96,-1.0,-1.0,-1.0,500,1024,1440,13.3,[],1
tomo_dcb9b4,153.0,493.0,359.0,300,960,928,15.6,"[(0.51, 0.5135416666666667, 0.38685344827586204)]",0
tomo_dd36c9,-1.0,-1.0,-1.0,500,924,956,16.1,[],2
tomo_decb81,59.0,588.0,478.0,300,960,928,15.6,"[(0.19666666666666666, 0.6125, 0.5150862068965517)]",1
tomo_dee783,-1.0,-1.0,-1.0,300,960,928,15.6,[],3
tomo_df866a,-1.0,-1.0,-1.0,300,960,928,16.8,[],0
tomo_dfc627,97.0,353.0,766.0,300,960,928,13.1,"[(0.3233333333333333, 0.36770833333333336, 0.8254310344827588), (0.734375, 0.959245972458957, 0.5103721950122386)]",2
tomo_dfdc32,-1.0,-1.0,-1.0,500,924,956,19.7,[],1
tomo_e0739f,-1.0,-1.0,-1.0,300,960,928,16.8,[],2
tomo_e1a034,-1.0,-1.0,-1.0,300,960,928,19.2,[],3
tomo_e1e5d3,21.0,564.0,452.0,300,960,928,13.1,"[(0.07, 0.5875, 0.4870689655172414)]",3
tomo_e22370,253.0,741.0,255.0,500,924,956,19.7,"[(0.506, 0.801948051948052, 0.26673640167364016), (0.508, 0.7976190476190477, 0.30962343096234307), (0.484, 0.803030303030303, 0.2907949790794979), (0.4375, 0.011943117908866617, 0.28322837630882114), (0.390625, 0.027637305669170907, 0.30116459089202596), (0.34375, 0.017548184966118152, 0.2821073628973708), (0.2734375, 0.36394132910426275, 0.850461162502676), (0.5546875, 0.8022575729813325, 0.286591416543172)]",-1
tomo_e26c6b,133.0,174.0,317.0,300,928,928,15.6,"[(0.44333333333333336, 0.1875, 0.3415948275862069)]",0
tomo_e2a336,-1.0,-1.0,-1.0,800,928,928,19.3,"[(0.4453125, 0.7260857048125726, 0.7747536526104838)]",0
tomo_e2ccab,119.0,353.0,80.0,300,928,928,15.6,"[(0.39666666666666667, 0.38038793103448276, 0.08620689655172414)]",1
tomo_e2da77,-1.0,-1.0,-1.0,800,928,960,13.1,"[(0.4296875, 0.4950998982439486, 0.4883738306042271)]",1
tomo_e32b81,-1.0,-1.0,-1.0,300,960,928,15.6,[],2
tomo_e34af8,249.0,359.0,500.0,300,960,928,15.6,"[(0.83, 0.37395833333333334, 0.5387931034482759)]",2
tomo_e3864f,-1.0,-1.0,-1.0,800,928,928,19.3,[],3
tomo_e50f04,-1.0,-1.0,-1.0,300,960,928,16.8,[],0
tomo_e51e5e,153.0,860.0,588.0,300,959,928,15.6,"[(0.51, 0.8967674661105318, 0.6336206896551724)]",3
tomo_e55f81,-1.0,-1.0,-1.0,300,960,928,16.8,[],1
tomo_e57baf,108.0,394.0,143.0,300,959,928,15.6,"[(0.36, 0.410844629822732, 0.1540948275862069)]",0
tomo_e5a091,-1.0,-1.0,-1.0,500,960,928,16.8,[],2
tomo_e5ac94,161.0,481.0,342.0,300,960,928,13.1,"[(0.5366666666666666, 0.5010416666666667, 0.36853448275862066)]",1
tomo_e61cdf,149.0,278.0,377.0,300,959,928,15.6,"[(0.49666666666666665, 0.2898852971845673, 0.40625)]",2
tomo_e63ab4,157.0,415.0,265.0,300,960,928,13.1,"[(0.5233333333333333, 0.4322916666666667, 0.2855603448275862)]",3
tomo_e685b8,185.0,167.0,466.0,300,959,928,15.6,"[(0.6166666666666667, 0.17413972888425444, 0.5021551724137931)]",0
tomo_e6f7f7,180.0,548.0,267.0,300,960,928,13.1,"[(0.6, 0.5708333333333333, 0.28771551724137934), (0.6484375, 0.5634817163424173, 0.34824715417293883)]",1
tomo_e71210,189.0,521.0,453.0,300,960,928,15.6,"[(0.63, 0.5427083333333333, 0.48814655172413796)]",2
tomo_e72e60,-1.0,-1.0,-1.0,300,960,928,13.1,[],3
tomo_e764a7,-1.0,-1.0,-1.0,500,960,928,16.8,[],0
tomo_e77217,-1.0,-1.0,-1.0,800,928,960,13.1,[],1
tomo_e7c195,-1.0,-1.0,-1.0,300,960,928,16.8,[],2
tomo_e81143,-1.0,-1.0,-1.0,300,960,928,15.6,[],3
tomo_e8db69,-1.0,-1.0,-1.0,300,960,928,16.8,[],0
tomo_e96200,-1.0,-1.0,-1.0,300,928,928,16.8,[],1
tomo_e9b7f2,-1.0,-1.0,-1.0,300,960,928,15.6,[],2
tomo_e9fa5f,-1.0,-1.0,-1.0,800,928,960,13.1,[],3
tomo_ea3f3a,197.0,405.0,500.0,300,960,928,16.8,"[(0.6566666666666666, 0.421875, 0.5387931034482759)]",3
tomo_eb26ee,-1.0,-1.0,-1.0,500,1024,1440,13.3,[],0
tomo_eb4fd4,70.0,782.0,30.0,300,959,928,15.6,"[(0.23333333333333334, 0.8154327424400417, 0.032327586206896554)]",0
tomo_ec1314,153.0,586.0,858.0,300,959,928,15.6,"[(0.51, 0.6110531803962461, 0.9245689655172413)]",1
tomo_ec607b,432.0,159.0,202.0,500,928,960,13.1,"[(0.864, 0.1713362068965517, 0.21041666666666664), (0.932, 0.4935344827586206, 0.31354166666666666), (0.9921875, 0.22269363926152422, 0.8751234575545828), (0.921875, 0.342642074286707, 0.8728814307316822)]",-1
tomo_ecbc12,-1.0,-1.0,-1.0,800,928,960,13.1,[],1
tomo_ed1c97,241.0,64.0,186.0,500,924,956,19.7,"[(0.482, 0.06926406926406926, 0.19456066945606695), (0.515625, 0.08817202988748744, 0.17112703516379046), (0.5, 0.05863639813177879, 0.2155890828525025)]",2
tomo_ede779,125.0,217.0,540.0,300,960,928,15.6,"[(0.4166666666666667, 0.22604166666666667, 0.5818965517241379)]",3
tomo_ef1a1a,-1.0,-1.0,-1.0,300,960,928,19.2,[],2
tomo_efe1f8,41.0,750.0,427.0,300,960,928,13.1,"[(0.13666666666666666, 0.78125, 0.46012931034482757)]",0
tomo_f07244,-1.0,-1.0,-1.0,800,928,960,13.1,[],3
tomo_f0adfc,175.0,550.0,671.0,300,960,928,13.1,"[(0.5833333333333334, 0.5729166666666666, 0.7230603448275862)]",1
tomo_f1bf2f,-1.0,-1.0,-1.0,800,928,960,13.1,[],0
tomo_f2fa4a,59.0,434.0,600.0,300,960,928,15.6,"[(0.19666666666666666, 0.45208333333333334, 0.646551724137931)]",2
tomo_f36495,-1.0,-1.0,-1.0,800,928,960,13.1,[],1
tomo_f3e449,174.0,740.0,715.0,300,959,928,15.6,"[(0.58, 0.7716371220020855, 0.7704741379310345)]",3
tomo_f427b3,166.0,272.0,654.0,300,959,928,15.6,"[(0.5533333333333333, 0.28362877997914493, 0.7047413793103449)]",0
tomo_f672c0,-1.0,-1.0,-1.0,800,928,928,13.1,[],2
tomo_f6a38a,227.0,234.0,871.0,500,924,956,19.7,"[(0.454, 0.2532467532467532, 0.9110878661087866), (0.482, 0.24134199134199133, 0.8880753138075314), (0.538, 0.1471861471861472, 0.4131799163179916), (0.49, 0.13852813852813853, 0.39330543933054396), (0.46875, 0.15543283457450582, 0.4166289722714075), (0.53125, 0.2776232964225892, 0.8953016989606882), (0.4765625, 0.25856606842793395, 0.8583082563828283), (0.4296875, 0.23950884043327875, 0.8751234575545828), (0.359375, 0.24399289407908, 0.8874546050805361)]",-1
tomo_f6de9b,-1.0,-1.0,-1.0,800,928,960,16.1,[],3
tomo_f71c16,-1.0,-1.0,-1.0,800,928,960,16.1,[],0
tomo_f76529,31.0,586.0,683.0,300,960,928,15.6,"[(0.10333333333333333, 0.6104166666666667, 0.7359913793103449)]",1
tomo_f78e91,95.0,469.0,387.0,300,960,928,13.1,"[(0.31666666666666665, 0.48854166666666665, 0.4170258620689655)]",2
tomo_f7f28b,-1.0,-1.0,-1.0,300,960,928,15.6,[],1
tomo_f82a15,-1.0,-1.0,-1.0,500,924,956,16.1,[],2
tomo_f871ad,157.0,642.0,115.0,300,960,928,13.1,"[(0.5233333333333333, 0.66875, 0.12392241379310345)]",3
tomo_f8b46e,123.0,728.0,352.0,300,928,928,13.1,"[(0.41, 0.7844827586206896, 0.3793103448275862)]",0
tomo_f8b835,-1.0,-1.0,-1.0,800,928,960,13.1,[],3
tomo_f94504,-1.0,-1.0,-1.0,500,924,956,16.1,"[(0.5390625, 0.20924147832412052, 0.42223403932865905)]",0
tomo_fa5d78,-1.0,-1.0,-1.0,800,928,960,13.1,[],1
tomo_fadbe2,97.0,463.0,425.0,300,928,928,13.1,"[(0.3233333333333333, 0.4989224137931034, 0.4579741379310345)]",1
tomo_fb08b5,106.0,671.0,559.0,300,959,928,15.6,"[(0.35333333333333333, 0.6996871741397289, 0.6023706896551724)]",2
tomo_fb6ce6,-1.0,-1.0,-1.0,800,928,928,13.2,[],2
tomo_fbb49b,-1.0,-1.0,-1.0,300,960,928,16.8,[],3
tomo_fc1665,-1.0,-1.0,-1.0,500,927,959,13.1,[],0
tomo_fc3c39,128.0,537.0,491.0,300,960,928,16.8,"[(0.4266666666666667, 0.559375, 0.5290948275862069)]",3
tomo_fc5ae4,24.0,513.0,313.0,300,960,928,13.1,"[(0.08, 0.534375, 0.33728448275862066)]",0
tomo_fc90fd,-1.0,-1.0,-1.0,500,1912,1847,6.5,[],1
tomo_fd41c4,-1.0,-1.0,-1.0,300,928,928,16.8,[],2
tomo_fd5b38,184.0,520.0,627.0,300,960,928,16.8,"[(0.6133333333333333, 0.5416666666666666, 0.6756465517241379)]",1
tomo_fd9357,131.0,364.0,138.0,300,928,928,15.6,"[(0.43666666666666665, 0.3922413793103448, 0.14870689655172414)]",2
tomo_fe050c,138.0,134.0,542.0,300,959,928,15.6,"[(0.46, 0.1397288842544317, 0.584051724137931), (0.46875, 0.10162419082489113, 0.4323231600317118)]",3
tomo_fe85f6,-1.0,-1.0,-1.0,800,928,960,13.1,[],3
tomo_fea6e8,-1.0,-1.0,-1.0,300,960,928,16.8,[],0
tomo_ff505c,111.0,816.0,678.0,300,959,928,15.6,"[(0.37, 0.8508863399374348, 0.7306034482758621)]",0
tomo_ff7c20,-1.0,-1.0,-1.0,800,928,960,13.1,[],1